 {
            "total"     :  0.131644E+01,
            "predictor" :  0.595990E-01,
            "block"     :  0.131640E+01,
            "iteration" :  0.121841E+01,
            "sweep"     :[   0.378272E+00,   0.772682E+00]                           ,
            "feval"     :[   0.396230E-01,   0.516900E-01]                           ,
            "fcomp"     :[   0.357928E+00,   0.742504E+00]                           ,
            "residual"  :[   0.504600E-02,   0.171730E-01]                           ,
            "interp"    :[   0.000000E+00,   0.462660E-01]                           ,
            "restrict"  :[   0.000000E+00,   0.404610E-01]                           ,
            "broadcast" :[   0.000000E+00,   0.000000E+00]                           ,
            "receive"   :[   0.000000E+00,   0.000000E+00]                           ,
            "send"      :[   0.000000E+00,   0.000000E+00]                           ,
            "wait"      :[   0.000000E+00,   0.000000E+00]                           ,
            "pack"      :[   0.000000E+00,   0.000000E+00]                           ,
            "unpack"    :[   0.000000E+00,   0.000000E+00]                           ,
            "hooks"     :[   0.319630E-01,   0.310630E-01]                           ,
            "aux"       :[   0.000000E+00,   0.000000E+00]                           ,
 "foo":"0"
 }
