 {
            "total"     :  0.268000E-02,
            "predictor" :  0.554000E-03,
            "block"     :  0.265900E-02,
            "iteration" :  0.116200E-02,
            "sweep"     :[   0.740000E-04,   0.159000E-03,   0.354000E-03]           ,
            "feval"     :[   0.430000E-04,   0.112000E-03,   0.141000E-03]           ,
            "fcomp"     :[   0.110000E-04,   0.250000E-04,   0.650000E-04]           ,
            "residual"  :[   0.130000E-04,   0.340000E-04,   0.122000E-03]           ,
            "interp"    :[   0.000000E+00,   0.840000E-04,   0.116000E-03]           ,
            "restrict"  :[   0.000000E+00,   0.780000E-04,   0.147000E-03]           ,
            "broadcast" :[   0.000000E+00,   0.000000E+00,   0.000000E+00]           ,
            "receive"   :[   0.000000E+00,   0.000000E+00,   0.000000E+00]           ,
            "send"      :[   0.000000E+00,   0.000000E+00,   0.000000E+00]           ,
            "wait"      :[   0.000000E+00,   0.000000E+00,   0.000000E+00]           ,
            "pack"      :[   0.000000E+00,   0.000000E+00,   0.000000E+00]           ,
            "unpack"    :[   0.000000E+00,   0.000000E+00,   0.000000E+00]           ,
            "hooks"     :[   0.490000E-03,   0.341000E-03,   0.557000E-03]           ,
            "aux"       :[   0.000000E+00,   0.000000E+00,   0.000000E+00]           ,
 "foo":"0"
 }
